snp,gene,correlation
SNP4,GeneE,0.8666666666666663
SNP4,GeneC,-0.8616404368553295
SNP2,GeneD,-0.8017837257372732
SNP4,GeneB,-0.7490642541583834
SNP3,GeneC,0.6154574548966639
SNP4,GeneA,0.569494797451499
SNP1,GeneB,0.5493137863828146
SNP5,GeneA,-0.5424889808044902
